WeightedPercentageAgreement,CohensKappa,AverageObserverAgreement,PearsonsR
0.8307984790874525,-0.08916626920884567,0.9625390320062451,0.999977827890511
